,Data,Link,Nome,Post
0,14/01/2018,https://www.facebook.com/1890887890953766,Omega Nerd,"Nanana banana, nanananana bananaüéôÔ∏èüé∂üé∂üôàüôâüôä
#ChoqueDeCultura"
1,04/01/2018,https://www.facebook.com/477801329288533,Frases Choque de Cultura,Palavras duras. #ChoqueDeCultura
2,Sem Data,https://www.facebook.com/1689212814477053,Gabriela Ferreira Sard√°,#choquedecultura
3,11/01/2018,https://www.facebook.com/2063641950537092,Rustenico adicionou 5 novas fotos.,Os maiores nomes do transporte alternativo do pa√≠s! #choquedecultura
4,11/01/2018,https://www.facebook.com/2063641950537092,Rustenico adicionou 5 novas fotos.,Os maiores nomes do transporte alternativo do pa√≠s! #choquedecultura
5,Sem Data,https://www.facebook.com/1689212814477053,Gabriela Ferreira Sard√°,#choquedecultura
6,08/08/2016,https://www.facebook.com/835896326545889,O Jeitinho Carioca,#ChoqueDeCultura
7,Sem Data,https://www.facebook.com/1997854066897221,Thiago Azevedo,O Primeiro brasileiro a fazer sucesso no exterior foi o Blanka. #ChoqueDeCultura
8,Sem Data,https://www.facebook.com/1696466087070183,Hugo Carlos,Essa roupa natalina √© impag√°vel. Melhor cr√≠ticos de cinema do transporte alternativo. #choquedecultura #feliznatal
9,16/05/2017,https://www.facebook.com/1894989950739904,Estevam Gomes,#ChoqueDeCultura #TVQuase #ilustra√ß√£o #illustration #ink #indianink #nanquim
10,Sem Data,https://www.facebook.com/10210836452441886,Caio Oliveira,Desenho que fiz pra promo√ß√£o do #choquedecultura. √â C√£es de Aluguel a refer√™ncia. :3
11,16/05/2017,https://www.facebook.com/1467993786577681,Quase.,"Bruno de Luca no slackline t√° avisando que come√ßou o concurso art√≠stico do #ChoquedeCultura
N√£o t√° ligado? Assiste o novo Choque ent√£o, ot√°rio! https://goo.gl/Kkd5zR
Arte do piloto @luccaix"
12,Sem Data,https://www.facebook.com/1997853420230619,Thiago Azevedo,"O Luciano Huck √© bacana, ele humilha, humilha, humilha o pobre, depois ele ajuda. Gente boa esse rapaz. #ChoqueDeCultura"
13,15/01/2018,https://www.facebook.com/1943265222579745,Metafictions,"O Garimpo da semana √© muito especial. Aproveitando o embalo das outras listas/tops lan√ßados nesse in√≠cio de ano, hoje apresentamos 10 filmes que passaram despercebidos em 2017 pelo grande p√∫blico, incluindo um refer√™ncia ao sensacional Choque de Cultura. Confira! #metafictions #cinema #top10 #lista #garimpo #choquedecultura"
14,16/05/2017,https://www.facebook.com/1467997353243991,Quase.,"Voc√™ que t√° assistindo #choquedecultura escondido no trabalho, D√Å PRA ASSISTIR SIM! https://goo.gl/Kkd5zR
Participe do nosso concurso art√≠stico!
Arte do piloto @Ognergonzales"
15,15/10/2014,https://www.facebook.com/285820584940909,Nadia Schwab,"J√° estou na Ar√°bia Saudita h√° 4 anos e continuo a me surpreender com o choque de cultura! Hoje precisei ir ao Banco fora do condim√≠nio, triste por n√£o poder dirigir, e n√£o basta ter que usar esse look da abaya, quando chego no Banco, est√° cheio de homens, foi realmente constrangedor ser os centro das aten√ß√µes, pelo fato de ser a √∫nica mulher no Banco, rs .. #vivendonaArabiaSaudita #semprecomsurpresas #choquedecultura #blognadiaschwab #saudiarabia #middleeast"
16,Sem Data,https://www.facebook.com/10211114131431136,Ana Carolina Raj√£o,Maur√≠lio! <3 #choquedecultura
17,11/12/2017,https://www.facebook.com/1139876922816240,Morando Fora,
18,24/05/2017,https://www.facebook.com/708614829310547,"‚ÄéPedro Alencar‚Äé
 para
 CANTO NERD - RR",Sonho realizado! Encontro com os grandes @caitomainier e @craquedaniel. Ainda mais √≠dolos. #choquedecultura #tvquase #falhadecobertura #Brasil #SaoPaulo #Vacations #Ferias #Sampa
19,04/05/2017,https://www.facebook.com/1866192936976299,365 Pitacos,"#ChoqueDeCultura
Real - O Plano por Tr√°s da Hist√≥ria
kkkkkkkkkkkkkkkkk"
